Sample,Replicate,Total_Alt,Total_Ref,Error_Rate
N2,1,561,2324,0.19445407279029464
N2,2,1142,4233,0.21246511627906978
N2,3,671,2682,0.20011929615269908
PRDE1,1,2343,5298,0.3066352571652925
PRDE1,2,1786,4299,0.2935086277732128
PRDE1,3,1880,5571,0.25231512548651186
