statistic,p_value,mean_group1,mean_group2
-1.0861429652394414,0.3386496444752209,0.0019362039305559327,0.001999200848711787
