estimate,estimate1,estimate2,.y.,group1,group2,n1,n2,statistic,p,df,conf.low,conf.high,method,alternative
-0.011188151751107045,0.18621946022862224,0.19740761197972928,Error_Rate,N2,PRDE1,3,3,-1.9968981543077027,0.164,2.368910448222935,-0.032031744595609146,0.009655441093395053,T-test,two.sided
