Variant_Type,estimate,estimate1,estimate2,.y.,group1,group2,n1,n2,statistic,p,df,conf.low,conf.high,method,alternative
Deletion,0.0060736258577126605,0.02024994715736022,0.014176321299647559,Proportion,N2,PRDE1,3,3,1.3833333458561103,0.3,2.020296228439971,-0.012636777262191938,0.02478402897761726,T-test,two.sided
Insertion,0.030545961595073723,0.7215543282206811,0.6910083666256074,Proportion,N2,PRDE1,3,3,2.140497704736403,0.106,3.6411064088043608,-0.010664041139531129,0.07175596432967857,T-test,two.sided
SNP,-0.03661958745278643,0.2581957246219586,0.29481531207474504,Proportion,N2,PRDE1,3,3,-2.049059387884711,0.13,3.1039511673466644,-0.09243188997477968,0.019192715069206827,T-test,two.sided
