estimate,estimate1,estimate2,.y.,group1,group2,n1,n2,statistic,p,df,conf.low,conf.high,method,alternative
-0.002038283773188071,0.12843576279362653,0.1304740465668146,LoF_Rate,N2,PRDE1,3,3,-0.48649843308005175,0.673,2.1072343829598696,-0.019213936007591813,0.015137368461215672,T-test,two.sided
