Functional_Class,estimate,.y.,group1,group2,n1,n2,statistic,p,conf.low,conf.high,method,alternative
MISSENSE,-0.003089442936330733,Class_Rate,N2,PRDE1,3,3,3,0.7,-0.010238953353559684,0.004977281346569473,Wilcoxon,two.sided
NONSENSE,-8.314908433735451e-5,Class_Rate,N2,PRDE1,3,3,2,0.4,-3.895465449691548e-4,8.308950181860821e-5,Wilcoxon,two.sided
OTHER,-0.0028595831549672324,Class_Rate,N2,PRDE1,3,3,4,1,-0.009223764531912482,0.013716355278979298,Wilcoxon,two.sided
SILENT,-0.009339877689181195,Class_Rate,N2,PRDE1,3,3,0,0.1,-0.015497580498225519,-0.0015490921099084176,Wilcoxon,two.sided
