Mismatch_Type,estimate,.y.,group1,group2,n1,n2,statistic,p,conf.low,conf.high,method,alternative
A>C,-5.045115816001374e-4,Mismatch_Error_Rate,N2,PRDE1,3,3,3,0.7,-0.001740434456662515,0.001261977974466505,Wilcoxon,two.sided
A>G,-7.066887190173244e-4,Mismatch_Error_Rate,N2,PRDE1,3,3,2,0.4,-0.004334602721871942,0.0021414851988939996,Wilcoxon,two.sided
A>T,2.9369085258169284e-4,Mismatch_Error_Rate,N2,PRDE1,3,3,5,1,-6.982172645509043e-4,0.0018097492284250669,Wilcoxon,two.sided
C>A,-3.3785795037749046e-4,Mismatch_Error_Rate,N2,PRDE1,3,3,3,0.7,-8.147119207658423e-4,5.636174946168756e-4,Wilcoxon,two.sided
C>G,0.0012940785026139077,Mismatch_Error_Rate,N2,PRDE1,3,3,8,0.2,-9.13179837955737e-4,0.0031221042896330334,Wilcoxon,two.sided
C>T,-8.878671528451502e-4,Mismatch_Error_Rate,N2,PRDE1,3,3,2,0.4,-0.008446990709664256,0.006783891396357315,Wilcoxon,two.sided
G>A,-0.011256832121890485,Mismatch_Error_Rate,N2,PRDE1,3,3,0,0.1,-0.013763960764461488,-0.00952548249966196,Wilcoxon,two.sided
G>C,3.338868214849359e-5,Mismatch_Error_Rate,N2,PRDE1,3,3,5,1,-0.0016276205962429862,0.0015301861841804992,Wilcoxon,two.sided
G>T,-1.279672649587007e-4,Mismatch_Error_Rate,N2,PRDE1,3,3,4,1,-4.963752033647164e-4,0.001187333751109311,Wilcoxon,two.sided
T>A,2.1821243496143814e-4,Mismatch_Error_Rate,N2,PRDE1,3,3,5,1,-0.00098637659017015945,0.004075547776204919,Wilcoxon,two.sided
T>C,-2.2949773190806058e-5,Mismatch_Error_Rate,N2,PRDE1,3,3,4,1,-0.0015856993490617668,0.0011110843154437974,Wilcoxon,two.sided
T>G,3.111290216311932e-4,Mismatch_Error_Rate,N2,PRDE1,3,3,6,0.7,-7.152625599075265e-4,0.003361560409004391,Wilcoxon,two.sided
