Variant_Type,estimate,estimate1,estimate2,.y.,group1,group2,n1,n2,statistic,p,df,conf.low,conf.high,method,alternative
Deletion,0.006104346870048965,0.020344684363086354,0.01424033749303739,Proportion,N2,PRDE1,3,3,1.377378975562211,0.301,2.018275795061381,-0.0127998789112193,0.02500857265131723,T-test,two.sided
Insertion,0.030053809777833562,0.723624163171193,0.6935703533933595,Proportion,N2,PRDE1,3,3,2.093769193627893,0.112,3.589767565009641,-0.011661100559604471,0.07176872011527159,T-test,two.sided
SNP,-0.03615815664788252,0.25603115246572056,0.2921893091136031,Proportion,N2,PRDE1,3,3,-2.00208209307706,0.138,3.0448220955051273,-0.09315831961902868,0.020842006323263638,T-test,two.sided
