Quantile,estimate,estimate1,estimate2,.y.,group1,group2,n1,n2,statistic,p,df,conf.low,conf.high,method,alternative
Gene Length Q1: 30-1214bp,-0.06145007396096713,0.23792760593350804,0.29937767989447517,Proportion_Alt,N2,PRDE1,3,3,-4.022067396034165,0.0424,2.367729453864433,-0.11831041645384185,-0.004589731468092413,T-test,two.sided
Gene Length Q2: 1215-2026bp,-0.010905616060351175,0.19396922100819816,0.20487483706854934,Proportion_Alt,N2,PRDE1,3,3,-0.6380623344029299,0.584,2.1793384207758506,-0.07894018238664355,0.0571289502659412,T-test,two.sided
Gene Length Q3: 2027-3633bp,-8.893337005891344e-5,0.18016988828956823,0.18025882165962714,Proportion_Alt,N2,PRDE1,3,3,-0.007072492498773746,0.995,2.324625241259371,-0.047560137301017325,0.0473822705608995,T-test,two.sided
Gene Length Q4: 3634-102756bp,-0.00909768831134894,0.17139960250428576,0.1804972908156347,Proportion_Alt,N2,PRDE1,3,3,-2.659755359442778,0.0634,3.5746430310700394,-0.0190572253566462,0.00086184873394832065,T-test,two.sided
