Functional_Class,estimate,estimate1,estimate2,.y.,group1,group2,n1,n2,statistic,p,df,conf.low,conf.high,method,alternative
MISSENSE,-0.0026565189419147824,0.017424681473212342,0.020081200415127124,Class_Rate,N2,PRDE1,3,3,-0.793969364735138,0.482,3.221807047282854,-0.012901636438810704,0.0075885985549811385,T-test,two.sided
NONSENSE,-1.2900037624833825e-4,5.542847583076165e-4,6.832851345559548e-4,Class_Rate,N2,PRDE1,3,3,-1.1955509034062262,0.318,3.0068130240994124,-4.719477371715656e-4,2.1394698467488906e-4,T-test,two.sided
OTHER,4.8247914120336244e-4,0.15359897464332434,0.15311649550212098,Class_Rate,N2,PRDE1,3,3,0.08792423320001999,0.937,2.324884164831773,-0.020231803602962836,0.02119676188536956,T-test,two.sided
SILENT,-0.008903711425238336,0.01513364196060903,0.024037353385847365,Class_Rate,N2,PRDE1,3,3,-2.521246980530219,0.119,2.1575420153999882,-0.02308316788439287,0.0052757450339162015,T-test,two.sided
