Mismatch_Type,estimate,.y.,group1,group2,n1,n2,statistic,p,conf.low,conf.high,method,alternative
A>C,-4.836784768824814e-4,Mismatch_Error_Rate,N2,PRDE1,3,3,2,0.4,-0.0017110003778467975,0.0011209788573006084,Wilcoxon,two.sided
A>G,-6.121310536164586e-4,Mismatch_Error_Rate,N2,PRDE1,3,3,2,0.4,-0.0043448848433738085,0.0022863460070557907,Wilcoxon,two.sided
A>T,2.8975641052998496e-4,Mismatch_Error_Rate,N2,PRDE1,3,3,5,1,-7.008883360263957e-4,0.0018179603455041994,Wilcoxon,two.sided
C>A,-3.412703585948761e-4,Mismatch_Error_Rate,N2,PRDE1,3,3,3,0.7,-8.171238855140882e-4,4.927025780948854e-4,Wilcoxon,two.sided
C>G,0.0015571913995720442,Mismatch_Error_Rate,N2,PRDE1,3,3,8,0.2,-8.524861239369635e-4,0.0034947898366595263,Wilcoxon,two.sided
C>T,-8.690849215433113e-4,Mismatch_Error_Rate,N2,PRDE1,3,3,2,0.4,-0.008261483726241501,0.006619539507491988,Wilcoxon,two.sided
G>A,-0.01128703422251863,Mismatch_Error_Rate,N2,PRDE1,3,3,0,0.1,-0.013773883189253535,-0.009433242674824777,Wilcoxon,two.sided
G>C,1.7489863486535532e-4,Mismatch_Error_Rate,N2,PRDE1,3,3,5,1,-0.0015426646612298157,0.0016078646093849727,Wilcoxon,two.sided
G>T,-1.2944234066380382e-4,Mismatch_Error_Rate,N2,PRDE1,3,3,4,1,-4.969800882802574e-4,0.001188614048269235,Wilcoxon,two.sided
T>A,2.1812312599759492e-4,Mismatch_Error_Rate,N2,PRDE1,3,3,5,1,-9.89437300099681e-4,0.004085622549250866,Wilcoxon,two.sided
T>C,1.013354399174611e-4,Mismatch_Error_Rate,N2,PRDE1,3,3,5,1,-0.0015844516356140754,0.0011109506616179031,Wilcoxon,two.sided
T>G,3.0689162026640996e-4,Mismatch_Error_Rate,N2,PRDE1,3,3,6,0.7,-5.837552559551139e-4,0.003077691166048531,Wilcoxon,two.sided
