Intron_Status,estimate,estimate1,estimate2,.y.,group1,group2,n1,n2,statistic,p,df,conf.low,conf.high,method,alternative
Genes with Introns,-0.0039977949771633214,0.18271357042447844,0.18671136540164177,Error_Rate,N2,PRDE1,3,3,-0.8551564726936748,0.454,3.074034497991885,-0.018674837585881475,0.010679247631554832,T-test,two.sided
Genes without Introns,-0.37792578137900057,0.21624215290884466,0.5941679342878452,Error_Rate,N2,PRDE1,3,3,-8.258765464950049,0.00633,2.584092388968699,-0.5377576264365355,-0.21809393632146568,T-test,two.sided
