Functional_Class,estimate,.y.,group1,group2,n1,n2,statistic,p,conf.low,conf.high,method,alternative
MISSENSE,-0.003355749485257204,Class_Rate,N2,PRDE1,3,3,3,0.7,-0.01004944635882649,0.0054356390183393465,Wilcoxon,two.sided
NONSENSE,-8.238483414845952e-5,Class_Rate,N2,PRDE1,3,3,2,0.4,-3.8805116890332453e-4,8.325078888611864e-5,Wilcoxon,two.sided
OTHER,-0.002659619028630017,Class_Rate,N2,PRDE1,3,3,3,0.7,-0.009283650227099594,0.013390706679339698,Wilcoxon,two.sided
SILENT,-0.009502245943570502,Class_Rate,N2,PRDE1,3,3,0,0.1,-0.0157200131839162,-0.0014888751482283122,Wilcoxon,two.sided
