Quantile,estimate,estimate1,estimate2,.y.,group1,group2,n1,n2,statistic,p,df,conf.low,conf.high,method,alternative
Gene Length Q1: 30-1214bp,-0.061538482451067106,0.237409092774409,0.2989475752254761,Proportion_Alt,N2,PRDE1,3,3,-4.097438230376807,0.042,2.3290357179874195,-0.11815271701629897,-0.004924247885835226,T-test,two.sided
Gene Length Q2: 1215-2026bp,-0.010472961994159619,0.19329433978560487,0.2037673017797645,Proportion_Alt,N2,PRDE1,3,3,-0.6180637330386316,0.595,2.1891730336613264,-0.07766378658104804,0.0567178625927288,T-test,two.sided
Gene Length Q3: 2027-3633bp,-3.665470584383601e-4,0.1797115923173971,0.18007813937583547,Proportion_Alt,N2,PRDE1,3,3,-0.02935757765969998,0.979,2.3455099947682827,-0.04717345089644114,0.046440356779564415,T-test,two.sided
Gene Length Q4: 3634-102756bp,-0.009056940206392639,0.17094167876187802,0.17999861896827066,Proportion_Alt,N2,PRDE1,3,3,-2.767123435442936,0.0543,3.745349319765549,-0.018393329208380924,2.794487955956462e-4,T-test,two.sided
