Intron_Status,estimate,estimate1,estimate2,.y.,group1,group2,n1,n2,statistic,p,df,conf.low,conf.high,method,alternative
Genes with Introns,-0.004000595003019913,0.18220188768757653,0.18620248269059644,Error_Rate,N2,PRDE1,3,3,-0.8764468600498273,0.446,2.984200959089302,-0.018570669402950827,0.010569479396911,T-test,two.sided
Genes without Introns,-0.3791061015443007,0.21624215290884466,0.5953482544531453,Error_Rate,N2,PRDE1,3,3,-8.097895596850531,0.00691,2.55558150624938,-0.5438794094342979,-0.21433279365430352,T-test,two.sided
