Functional_Class,estimate,estimate1,estimate2,.y.,group1,group2,n1,n2,statistic,p,df,conf.low,conf.high,method,alternative
MISSENSE,-0.002783704981106982,0.017212921090327415,0.019996626071434397,Class_Rate,N2,PRDE1,3,3,-0.840076969323111,0.461,3.0789005603688606,-0.013177913066568344,0.007610503104354381,T-test,two.sided
NONSENSE,-1.2927023660271812e-4,5.552476920608242e-4,6.845179286635423e-4,Class_Rate,N2,PRDE1,3,3,-1.1945670130787103,0.318,3.0045169284500766,-4.7336639391297274e-4,2.1482592070753645e-4,T-test,two.sided
OTHER,5.443358640331852e-4,0.15344824677215863,0.15290391090812544,Class_Rate,N2,PRDE1,3,3,0.09915863192411943,0.929,2.3839791561240493,-0.01977932309573277,0.02086799482379914,T-test,two.sided
SILENT,-0.00879551676577171,0.014993447983571741,0.02378896474934345,Class_Rate,N2,PRDE1,3,3,-2.5250146900854595,0.119,2.1421432080911176,-0.022869341137441875,0.005278307605898458,T-test,two.sided
