estimate,estimate1,estimate2,.y.,group1,group2,n1,n2,statistic,p,df,conf.low,conf.high,method,alternative
-0.0021416926202932896,0.12845396209023474,0.13059565471052803,LoF_Rate,N2,PRDE1,3,3,-0.5079511112581018,0.659,2.1326309074620875,-0.01924369932339427,0.014960314082807692,T-test,two.sided
