Intron_Status,Sample,Replicate,Total_Alt,Total_Ref,Error_Rate
Genes with Introns,N2,1,2761,13144,0.17359320968248979
Genes with Introns,N2,2,4648,21541,0.17747909427622285
Genes with Introns,N2,3,3301,15141,0.17899360156165275
Genes with Introns,PRDE1,1,3374,15318,0.18050502888936443
Genes with Introns,PRDE1,2,3242,14344,0.18435118844535425
Genes with Introns,PRDE1,3,3207,14762,0.17847403862207134
