Sample,Replicate,Total_Alt,Total_Ref,Total_Reads,Proportion_Alt,Proportion_Ref
N2,1,8711,40700,49411,0.17629677602153368,0.8237032239784663
N2,2,15812,65308,81120,0.19492110453648914,0.8050788954635109
N2,3,10717,46003,56720,0.18894569816643159,0.8110543018335684
PRDE1,1,11714,46764,58478,0.20031464824378398,0.799685351756216
PRDE1,2,11218,46456,57674,0.19450705690605818,0.8054929430939418
PRDE1,3,11870,47764,59634,0.19904752322500588,0.8009524767749941
